restaurant_id,name,address,coordinates,inserted_at_timestamp,location,rating,review_count,zip_code,cuisine
PqqnNrUtU7XTKQvUM4cyqQ,Bar Verde,"""['65 2nd Ave', 'New York, NY 10003']""","""{'latitude': 40.7260849061034, 'longitude': -73.9897361397743}""",2024-02-19 14:01:18.486628,"""{'address1': '65 2nd Ave', 'address2': '', 'address3': None, 'city': 'New York', 'zip_code': '10003', 'country': 'US', 'state': 'NY', 'display_address': ['65 2nd Ave', 'New York, NY 10003']}""",4.4,455,10003,Italian
XaEFFUabnbH8ZF7ccmSAlQ,South Of The Clouds,"""['16 W 8th St', 'New York, NY 10011']""","""{'latitude': 40.73264, 'longitude': -73.99752}""",2024-02-19 14:01:18.131596,"""{'address1': '16 W 8th St', 'address2': None, 'address3': '', 'city': 'New York', 'zip_code': '10011', 'country': 'US', 'state': 'NY', 'display_address': ['16 W 8th St', 'New York, NY 10011']}""",3.9,254,10011,Italian
2vVL7xcduF10PN17h6FQaA,Bad Hombre,"""['29 Second Ave', 'New York, NY 10003']""","""{'latitude': 40.724695, 'longitude': -73.990888}""",2024-02-19 14:01:33.657712,"""{'address1': '29 Second Ave', 'address2': '', 'address3': '', 'city': 'New York', 'zip_code': '10003', 'country': 'US', 'state': 'NY', 'display_address': ['29 Second Ave', 'New York, NY 10003']}""",5.0,5,10003,Italian
iu1TLnNH13AdBDg_LmnuHQ,Lunar,"""['12 E 37th St', 'New York, NY 10016']""","""{'latitude': 40.74981466503257, 'longitude': -73.98231633276964}""",2024-02-19 14:01:10.223053,"""{'address1': '12 E 37th St', 'address2': '', 'address3': None, 'city': 'New York', 'zip_code': '10016', 'country': 'US', 'state': 'NY', 'display_address': ['12 E 37th St', 'New York, NY 10016']}""",4.6,14,10016,Italian
0Tvwk0hvgaY0QVIsZGTZKQ,Antica Ristorante,"""['8 Stone St', 'New York, NY 10004']""","""{'latitude': 40.7039355145338, 'longitude': -74.0121731758117}""",2024-02-19 14:01:02.331652,"""{'address1': '8 Stone St', 'address2': '', 'address3': '', 'city': 'New York', 'zip_code': '10004', 'country': 'US', 'state': 'NY', 'display_address': ['8 Stone St', 'New York, NY 10004']}""",4.3,573,10004,Italian
oe8GEFE4QLFAKt87y7zcgA,Very Fresh Noodles,"""['409 W 15th St', 'New York, NY 10011']""","""{'latitude': 40.74207, 'longitude': -74.00565}""",2024-02-19 14:01:10.743985,"""{'address1': '409 W 15th St', 'address2': None, 'address3': '', 'city': 'New York', 'zip_code': '10011', 'country': 'US', 'state': 'NY', 'display_address': ['409 W 15th St', 'New York, NY 10011']}""",4.4,1521,10011,Italian
h37t9rA06Sr4EetJjKrfzw,Don Angie,"""['103 Greenwich Ave', 'New York, NY 10014']""","""{'latitude': 40.73778, 'longitude': -74.00197}""",2024-02-19 14:01:02.423706,"""{'address1': '103 Greenwich Ave', 'address2': '', 'address3': None, 'city': 'New York', 'zip_code': '10014', 'country': 'US', 'state': 'NY', 'display_address': ['103 Greenwich Ave', 'New York, NY 10014']}""",4.5,847,10014,Italian
4zw8vEJNc4mcHh2ARzj2gw,Osteria Brooklyn,"""['458 Myrtle Ave', 'Brooklyn, NY 11205']""","""{'latitude': 40.693154, 'longitude': -73.967177}""",2024-02-19 14:01:02.047160,"""{'address1': '458 Myrtle Ave', 'address2': '', 'address3': None, 'city': 'Brooklyn', 'zip_code': '11205', 'country': 'US', 'state': 'NY', 'display_address': ['458 Myrtle Ave', 'Brooklyn, NY 11205']}""",4.4,266,11205,Italian
4FD0TAxe70nb3ngk3sXF9Q,Uluh,"""['152 2nd Ave', 'Ste A', 'New York, NY 10003']""","""{'latitude': 40.729354, 'longitude': -73.98665}""",2024-02-19 14:01:03.111972,"""{'address1': '152 2nd Ave', 'address2': 'Ste A', 'address3': '', 'city': 'New York', 'zip_code': '10003', 'country': 'US', 'state': 'NY', 'display_address': ['152 2nd Ave', 'Ste A', 'New York, NY 10003']}""",4.4,947,10003,Italian
mhrLDFTxUzW2koRAzjlt5g,Chavela's,"""['736 Franklin Ave', 'Brooklyn, NY 11238']""","""{'latitude': 40.673484, 'longitude': -73.957267}""",2024-02-19 14:01:18.977375,"""{'address1': '736 Franklin Ave', 'address2': None, 'address3': '', 'city': 'Brooklyn', 'zip_code': '11238', 'country': 'US', 'state': 'NY', 'display_address': ['736 Franklin Ave', 'Brooklyn, NY 11238']}""",3.9,1303,11238,Italian
CFR-HzVHKWRMpMAR3LAhzg,Montesacro Pinseria Brooklyn,"""['432 Union Ave', 'Brooklyn, NY 11211']""","""{'latitude': 40.71338, 'longitude': -73.95136}""",2024-02-19 14:01:02.851701,"""{'address1': '432 Union Ave', 'address2': None, 'address3': '', 'city': 'Brooklyn', 'zip_code': '11211', 'country': 'US', 'state': 'NY', 'display_address': ['432 Union Ave', 'Brooklyn, NY 11211']}""",4.4,277,11211,Italian
Hb-eDht12T4kjNtsa0y7vA,Mexi,"""['149 N 9th St', 'Brooklyn, NY 11249']""","""{'latitude': 40.719315, 'longitude': -73.95669}""",2024-02-19 14:01:18.698723,"""{'address1': '149 N 9th St', 'address2': '', 'address3': None, 'city': 'Brooklyn', 'zip_code': '11249', 'country': 'US', 'state': 'NY', 'display_address': ['149 N 9th St', 'Brooklyn, NY 11249']}""",4.4,8,11249,Italian
ry7XCoXXxS0DxRmzZLFybw,Taqueria Gramercy,"""['218 3rd Ave', 'New York, NY 10003']""","""{'latitude': 40.7363, 'longitude': -73.98531}""",2024-02-19 14:01:33.310366,"""{'address1': '218 3rd Ave', 'address2': '', 'address3': None, 'city': 'New York', 'zip_code': '10003', 'country': 'US', 'state': 'NY', 'display_address': ['218 3rd Ave', 'New York, NY 10003']}""",3.9,161,10003,Italian
TXLtPStqbC3acOpoHWDfYQ,SOL Mexican Cocina,"""['220 5th Ave', 'New York, NY 10001']""","""{'latitude': 40.743791, 'longitude': -73.988494}""",2024-02-19 14:01:33.639719,"""{'address1': '220 5th Ave', 'address2': '', 'address3': None, 'city': 'New York', 'zip_code': '10001', 'country': 'US', 'state': 'NY', 'display_address': ['220 5th Ave', 'New York, NY 10001']}""",4.1,81,10001,Italian
1HPdyg0OLRkjHeixVmbu0Q,Cocina Del Sur,"""['40 W 38th St', 'New York, NY 10018']""","""{'latitude': 40.7515296936035, 'longitude': -73.9846572875977}""",2024-02-19 14:01:33.675270,"""{'address1': '40 W 38th St', 'address2': '', 'address3': '', 'city': 'New York', 'zip_code': '10018', 'country': 'US', 'state': 'NY', 'display_address': ['40 W 38th St', 'New York, NY 10018']}""",4.1,158,10018,Italian
vyKBwzRdNX4yiJDIFv37iw,Oxomoco,"""['128 Greenpoint Ave', 'Brooklyn, NY 11222']""","""{'latitude': 40.7299099, 'longitude': -73.95548}""",2024-02-19 14:01:33.207302,"""{'address1': '128 Greenpoint Ave', 'address2': '', 'address3': None, 'city': 'Brooklyn', 'zip_code': '11222', 'country': 'US', 'state': 'NY', 'display_address': ['128 Greenpoint Ave', 'Brooklyn, NY 11222']}""",4.2,632,11222,Italian
ZFaIpks0AmQKdFvqYbj0QQ,Barbalu - Brooklyn,"""['68 Bergen St', 'Brooklyn, NY 11201']""","""{'latitude': 40.68675727907743, 'longitude': -73.99101547782092}""",2024-02-19 14:01:01.798619,"""{'address1': '68 Bergen St', 'address2': None, 'address3': '', 'city': 'Brooklyn', 'zip_code': '11201', 'country': 'US', 'state': 'NY', 'display_address': ['68 Bergen St', 'Brooklyn, NY 11201']}""",4.4,96,11201,Italian
sBCJYLPNJuagg-aJ3Y_ozQ,Cheli,"""['19 St Marks Pl', 'Ste 23', 'New York, NY 10003']""","""{'latitude': 40.72925, 'longitude': -73.9886}""",2024-02-19 14:01:11.309349,"""{'address1': '19 St Marks Pl', 'address2': 'Ste 23', 'address3': None, 'city': 'New York', 'zip_code': '10003', 'country': 'US', 'state': 'NY', 'display_address': ['19 St Marks Pl', 'Ste 23', 'New York, NY 10003']}""",4.2,348,10003,Italian
qBGKigOGn_flCx1apxPzlA,Piccola Cucina Osteria,"""['196 Spring St', 'New York, NY 10012']""","""{'latitude': 40.72503127956934, 'longitude': -74.0032820972858}""",2024-02-19 14:01:02.351750,"""{'address1': '196 Spring St', 'address2': '', 'address3': '', 'city': 'New York', 'zip_code': '10012', 'country': 'US', 'state': 'NY', 'display_address': ['196 Spring St', 'New York, NY 10012']}""",4.3,815,10012,Italian
Be1Y-vAEMgo7lqL5alXgDA,Taverna Di Bacco,"""['175 Ludlow St', 'New York, NY 10002']""","""{'latitude': 40.72191, 'longitude': -73.98768}""",2024-02-19 14:01:02.945200,"""{'address1': '175 Ludlow St', 'address2': '', 'address3': '', 'city': 'New York', 'zip_code': '10002', 'country': 'US', 'state': 'NY', 'display_address': ['175 Ludlow St', 'New York, NY 10002']}""",4.3,359,10002,Italian
2u8T56A4qu-MjeuT-v7s_g,Casa Bocado,"""['341 Broome St', 'New York, NY 10013']""","""{'latitude': 40.71958, 'longitude': -73.99484}""",2024-02-19 14:01:18.523988,"""{'address1': '341 Broome St', 'address2': None, 'address3': '', 'city': 'New York', 'zip_code': '10013', 'country': 'US', 'state': 'NY', 'display_address': ['341 Broome St', 'New York, NY 10013']}""",4.5,125,10013,Italian
BbMUXd69i0tlWS2aoppwaQ,El Camion,"""['194 Ave A', 'New York, NY 10009']""","""{'latitude': 40.7291717528508, 'longitude': -73.98111043269348}""",2024-02-19 14:01:18.643030,"""{'address1': '194 Ave A', 'address2': '', 'address3': '', 'city': 'New York', 'zip_code': '10009', 'country': 'US', 'state': 'NY', 'display_address': ['194 Ave A', 'New York, NY 10009']}""",3.9,774,10009,Italian
DQuwci5xgJxXx7dxxp9FBA,Taqueria St. Marks Place,"""['79 St Marks Pl', 'New York, NY 10003']""","""{'latitude': 40.72788723475379, 'longitude': -73.98557625767012}""",2024-02-19 14:01:33.329333,"""{'address1': '79 St Marks Pl', 'address2': '', 'address3': '', 'city': 'New York', 'zip_code': '10003', 'country': 'US', 'state': 'NY', 'display_address': ['79 St Marks Pl', 'New York, NY 10003']}""",4.2,491,10003,Italian
Lp8vAE5nHSt5zbu-lSGK8A,Hop Lee Restaurant,"""['16 Mott St', 'New York, NY 10013']""","""{'latitude': 40.71422, 'longitude': -73.99864}""",2024-02-19 14:01:10.707296,"""{'address1': '16 Mott St', 'address2': '', 'address3': '', 'city': 'New York', 'zip_code': '10013', 'country': 'US', 'state': 'NY', 'display_address': ['16 Mott St', 'New York, NY 10013']}""",3.9,392,10013,Italian
83zDAk03lFXkgImgkLhT9w,Chi Restaurant & Bar,"""['492 9th Ave', 'New York, NY 10018']""","""{'latitude': 40.75547, 'longitude': -73.99439}""",2024-02-19 14:01:03.229337,"""{'address1': '492 9th Ave', 'address2': None, 'address3': '', 'city': 'New York', 'zip_code': '10018', 'country': 'US', 'state': 'NY', 'display_address': ['492 9th Ave', 'New York, NY 10018']}""",4.3,127,10018,Italian
Zk8UgB9MDoIHWFYgAxNlIQ,De Mole,"""['2 Hope St', 'Brooklyn, NY 11211']""","""{'latitude': 40.71377, 'longitude': -73.95786}""",2024-02-19 14:01:18.504886,"""{'address1': '2 Hope St', 'address2': '', 'address3': None, 'city': 'Brooklyn', 'zip_code': '11211', 'country': 'US', 'state': 'NY', 'display_address': ['2 Hope St', 'Brooklyn, NY 11211']}""",4.4,283,11211,Italian
DynFEEWtMX76qeqviUbOdA,Mille Nonne,"""['88 Essex St', 'Ste 47', 'Inside Essex Market on the Ground Floor', 'New York, NY 10002']""","""{'latitude': 40.717949, 'longitude': -73.988181}""",2024-02-19 14:01:02.254883,"""{'address1': '88 Essex St', 'address2': 'Ste 47', 'address3': 'Inside Essex Market on the Ground Floor', 'city': 'New York', 'zip_code': '10002', 'country': 'US', 'state': 'NY', 'display_address': ['88 Essex St', 'Ste 47', 'Inside Essex Market on the Ground Floor', 'New York, NY 10002']}""",4.7,66,10002,Italian
IsL7iowOZXZ5i8G5RgQgRA,Dim Sum Palace,"""['123 William St', 'New York, NY 10038']""","""{'latitude': 40.709308, 'longitude': -74.007136}""",2024-02-19 14:01:11.270998,"""{'address1': '123 William St', 'address2': '', 'address3': None, 'city': 'New York', 'zip_code': '10038', 'country': 'US', 'state': 'NY', 'display_address': ['123 William St', 'New York, NY 10038']}""",3.8,33,10038,Italian
V-FCEicobl5Su-R7EVJQNA,La Lanterna Di Vittorio,"""['129 MacDougal St', 'New York, NY 10012']""","""{'latitude': 40.73069, 'longitude': -74.00015}""",2024-02-19 14:01:02.161915,"""{'address1': '129 MacDougal St', 'address2': '', 'address3': '', 'city': 'New York', 'zip_code': '10012', 'country': 'US', 'state': 'NY', 'display_address': ['129 MacDougal St', 'New York, NY 10012']}""",4.2,1685,10012,Italian
IpBG_nY_opO9Zy-xNBEQCg,La Chilaquería - New York,"""['139 W 28th St', 'New York, NY 10001']""","""{'latitude': 40.746995, 'longitude': -73.992207}""",2024-02-19 14:01:33.274041,"""{'address1': '139 W 28th St', 'address2': None, 'address3': '', 'city': 'New York', 'zip_code': '10001', 'country': 'US', 'state': 'NY', 'display_address': ['139 W 28th St', 'New York, NY 10001']}""",4.7,108,10001,Italian
DFRpXRHjOHBxYHiuvwaEQQ,Rosa Mexicano,"""['61 Columbus Ave', 'New York, NY 10023']""","""{'latitude': 40.77115637915222, 'longitude': -73.9831131}""",2024-02-19 14:01:19.190577,"""{'address1': '61 Columbus Ave', 'address2': '', 'address3': '', 'city': 'New York', 'zip_code': '10023', 'country': 'US', 'state': 'NY', 'display_address': ['61 Columbus Ave', 'New York, NY 10023']}""",3.5,1562,10023,Italian
dEOv8_ivdHp85OK_TDQh_g,Da Andrea - Chelsea,"""['160 8th Ave', 'New York, NY 10011']""","""{'latitude': 40.742041, 'longitude': -74.000467}""",2024-02-19 14:01:02.064950,"""{'address1': '160 8th Ave', 'address2': '', 'address3': None, 'city': 'New York', 'zip_code': '10011', 'country': 'US', 'state': 'NY', 'display_address': ['160 8th Ave', 'New York, NY 10011']}""",4.5,54,10011,Italian
rFeNJtqgMWf2tWy-RB6jgg,Torrisi,"""['275 Mulberry St', 'New York, NY 10012']""","""{'latitude': 40.72430313694441, 'longitude': -73.99543783926944}""",2024-02-19 14:01:02.370185,"""{'address1': '275 Mulberry St', 'address2': None, 'address3': '', 'city': 'New York', 'zip_code': '10012', 'country': 'US', 'state': 'NY', 'display_address': ['275 Mulberry St', 'New York, NY 10012']}""",4.5,162,10012,Italian
UK1oGbr8GU2rufpnJR4-HQ,Joe's Home of Soup Dumplings,"""['7 E 48th St', 'between Fifth and Madison avenues', 'New York, NY 10017']""","""{'latitude': 40.75723, 'longitude': -73.97702}""",2024-02-19 14:01:10.815048,"""{'address1': '7 E 48th St', 'address2': 'between Fifth and Madison avenues', 'address3': None, 'city': 'New York', 'zip_code': '10017', 'country': 'US', 'state': 'NY', 'display_address': ['7 E 48th St', 'between Fifth and Madison avenues', 'New York, NY 10017']}""",4.5,586,10017,Italian
'-Gc5sTFxoXM3Tiv_dkSJZg,Cecconi's Dumbo,"""['55 Water St', 'Brooklyn, NY 11201']""","""{'latitude': 40.7033063330116, 'longitude': -73.9916549604523}""",2024-02-19 14:01:01.889214,"""{'address1': '55 Water St', 'address2': '', 'address3': None, 'city': 'Brooklyn', 'zip_code': '11201', 'country': 'US', 'state': 'NY', 'display_address': ['55 Water St', 'Brooklyn, NY 11201']}""",3.5,1101,11201,Italian
e7krRmyE5upHv2gsEOdR8w,Mayamezcal,"""['304 E 6th St', 'New York, NY 10003']""","""{'latitude': 40.72711, 'longitude': -73.98817}""",2024-02-19 14:01:25.947589,"""{'address1': '304 E 6th St', 'address2': '', 'address3': '', 'city': 'New York', 'zip_code': '10003', 'country': 'US', 'state': 'NY', 'display_address': ['304 E 6th St', 'New York, NY 10003']}""",4.0,626,10003,Italian
Xjswj531-FkRZPpcccU6kQ,Vida Verde,"""['248 W 55th St', 'New York, NY 10019']""","""{'latitude': 40.7649503286729, 'longitude': -73.9828372257363}""",2024-02-19 14:01:18.622475,"""{'address1': '248 W 55th St', 'address2': '', 'address3': None, 'city': 'New York', 'zip_code': '10019', 'country': 'US', 'state': 'NY', 'display_address': ['248 W 55th St', 'New York, NY 10019']}""",4.3,1636,10019,Italian
dgaNriM1VdI2nGochhHE_g,Casa Enrique,"""['5-48 49th Ave', 'Long Island City, NY 11101']""","""{'latitude': 40.743404338358, 'longitude': -73.954350367693}""",2024-02-19 14:01:26.043004,"""{'address1': '5-48 49th Ave', 'address2': '', 'address3': '', 'city': 'Long Island City', 'zip_code': '11101', 'country': 'US', 'state': 'NY', 'display_address': ['5-48 49th Ave', 'Long Island City, NY 11101']}""",4.2,1544,11101,Italian
R5jpETY0OshPn-AeJjs0fA,Dos Caminos,"""['475 W Broadway', 'New York, NY 10012']""","""{'latitude': 40.7266452, 'longitude': -73.9999024}""",2024-02-19 14:01:19.170662,"""{'address1': '475 W Broadway', 'address2': '', 'address3': '', 'city': 'New York', 'zip_code': '10012', 'country': 'US', 'state': 'NY', 'display_address': ['475 W Broadway', 'New York, NY 10012']}""",3.3,1261,10012,Italian
Sp-vnk-waTvKblG_88M4TA,Trapizzino,"""['144 Orchard St', 'New York, NY 10002']""","""{'latitude': 40.72043, 'longitude': -73.98894}""",2024-02-19 14:01:01.853784,"""{'address1': '144 Orchard St', 'address2': None, 'address3': '', 'city': 'New York', 'zip_code': '10002', 'country': 'US', 'state': 'NY', 'display_address': ['144 Orchard St', 'New York, NY 10002']}""",4.4,322,10002,Italian
CoSXktG_8Q_c3WD2CB4GuA,Dos Caminos,"""['480 Lexington Ave', 'New York, NY 10167']""","""{'latitude': 40.75423281781175, 'longitude': -73.97427953549227}""",2024-02-19 14:01:18.563026,"""{'address1': '480 Lexington Ave', 'address2': '', 'address3': None, 'city': 'New York', 'zip_code': '10167', 'country': 'US', 'state': 'NY', 'display_address': ['480 Lexington Ave', 'New York, NY 10167']}""",3.2,44,10167,Italian
Q1TpfbuPwKPFrNFyu-u2_g,Han Dynasty,"""['1 Dekalb Ave', 'Brooklyn, NY 11201']""","""{'latitude': 40.69128889156491, 'longitude': -73.98261035889554}""",2024-02-19 14:01:18.042579,"""{'address1': '1 Dekalb Ave', 'address2': '', 'address3': None, 'city': 'Brooklyn', 'zip_code': '11201', 'country': 'US', 'state': 'NY', 'display_address': ['1 Dekalb Ave', 'Brooklyn, NY 11201']}""",3.7,440,11201,Italian
16ZnHpuaaBt92XWeJHCC5A,Olio e Più,"""['3 Greenwich Ave', 'New York, NY 10014']""","""{'latitude': 40.733798036104304, 'longitude': -73.99977392649927}""",2024-02-19 14:01:01.744068,"""{'address1': '3 Greenwich Ave', 'address2': None, 'address3': '', 'city': 'New York', 'zip_code': '10014', 'country': 'US', 'state': 'NY', 'display_address': ['3 Greenwich Ave', 'New York, NY 10014']}""",4.5,5313,10014,Italian
M-odQWSEfsR2mVEw7nKG-g,Nyonya,"""['199 Grand St', 'New York, NY 10013']""","""{'latitude': 40.719116974367, 'longitude': -73.9968322948353}""",2024-02-19 14:01:11.077209,"""{'address1': '199 Grand St', 'address2': '', 'address3': '', 'city': 'New York', 'zip_code': '10013', 'country': 'US', 'state': 'NY', 'display_address': ['199 Grand St', 'New York, NY 10013']}""",3.9,2402,10013,Italian
kr5fRwdHtVwPPwSJxm9Fkg,Il Posto Accanto,"""['190 E 2nd St', 'New York, NY 10009']""","""{'latitude': 40.72238, 'longitude': -73.98403}""",2024-02-19 14:01:02.574992,"""{'address1': '190 E 2nd St', 'address2': '', 'address3': '', 'city': 'New York', 'zip_code': '10009', 'country': 'US', 'state': 'NY', 'display_address': ['190 E 2nd St', 'New York, NY 10009']}""",4.3,327,10009,Italian
jc7lVTvmYMIK5RNpENtS6w,Szechuan Mountain House,"""['23 St Marks Pl', 'New York, NY 10003']""","""{'latitude': 40.72911, 'longitude': -73.98858}""",2024-02-19 14:01:10.307578,"""{'address1': '23 St Marks Pl', 'address2': '', 'address3': None, 'city': 'New York', 'zip_code': '10003', 'country': 'US', 'state': 'NY', 'display_address': ['23 St Marks Pl', 'New York, NY 10003']}""",4.3,726,10003,Italian
xq0cX_DgxiJMXwhmEl9kUA,Café China,"""['59 W 37th St', 'New York, NY 10018']""","""{'latitude': 40.75158498670787, 'longitude': -73.98582411501887}""",2024-02-19 14:01:11.116957,"""{'address1': '59 W 37th St', 'address2': None, 'address3': '', 'city': 'New York', 'zip_code': '10018', 'country': 'US', 'state': 'NY', 'display_address': ['59 W 37th St', 'New York, NY 10018']}""",3.9,1960,10018,Italian
RzKR9QcYP03EQ_8DxTxowg,Barrio Chino,"""['253 Broome St', 'New York, NY 10002']""","""{'latitude': 40.718022, 'longitude': -73.990026}""",2024-02-19 14:01:18.680102,"""{'address1': '253 Broome St', 'address2': None, 'address3': '', 'city': 'New York', 'zip_code': '10002', 'country': 'US', 'state': 'NY', 'display_address': ['253 Broome St', 'New York, NY 10002']}""",3.9,1181,10002,Italian
V3USzFEGhuoXez4G2Rk11A,Tavola,"""['488 9th Ave', 'New York, NY 10018']""","""{'latitude': 40.755403, 'longitude': -73.994516}""",2024-02-19 14:01:02.872024,"""{'address1': '488 9th Ave', 'address2': '', 'address3': '', 'city': 'New York', 'zip_code': '10018', 'country': 'US', 'state': 'NY', 'display_address': ['488 9th Ave', 'New York, NY 10018']}""",4.1,1407,10018,Italian
E_Rxnmim6J2ECFtU0QGlsQ,Uncle Lou,"""['73 Mulberry St', 'New York, NY 10013']""","""{'latitude': 40.71623, 'longitude': -73.99925}""",2024-02-19 14:01:10.288703,"""{'address1': '73 Mulberry St', 'address2': None, 'address3': '', 'city': 'New York', 'zip_code': '10013', 'country': 'US', 'state': 'NY', 'display_address': ['73 Mulberry St', 'New York, NY 10013']}""",4.2,409,10013,Italian
DoSU8IPq-Py_YV3kYmXPfQ,Trattoria Trecolori,"""['254 West 47th St', 'New York, NY 10036']""","""{'latitude': 40.759876, 'longitude': -73.986767}""",2024-02-19 14:01:02.197249,"""{'address1': '254 West 47th St', 'address2': '', 'address3': '', 'city': 'New York', 'zip_code': '10036', 'country': 'US', 'state': 'NY', 'display_address': ['254 West 47th St', 'New York, NY 10036']}""",4.1,2716,10036,Chinese
yXMZSuLJEpNu24yhKey9XA,Forma Pasta Factory,"""['5 Greene Ave', 'Brooklyn, NY 11238']""","""{'latitude': 40.686023409875474, 'longitude': -73.97314209999999}""",2024-02-19 14:01:02.814968,"""{'address1': '5 Greene Ave', 'address2': None, 'address3': '', 'city': 'Brooklyn', 'zip_code': '11238', 'country': 'US', 'state': 'NY', 'display_address': ['5 Greene Ave', 'Brooklyn, NY 11238']}""",4.7,172,11238,Chinese
l0ZOGV9tohkpfHiZ-3XSRg,Friducha,"""['946 Manhattan Ave', 'Brooklyn, NY 11222']""","""{'latitude': 40.73152, 'longitude': -73.95432}""",2024-02-19 14:01:25.986135,"""{'address1': '946 Manhattan Ave', 'address2': '', 'address3': None, 'city': 'Brooklyn', 'zip_code': '11222', 'country': 'US', 'state': 'NY', 'display_address': ['946 Manhattan Ave', 'Brooklyn, NY 11222']}""",3.8,147,11222,Chinese
zASGm-RyRNTY2xQir2nV_w,Jajaja Mexicana,"""['119 Kent Ave', 'Brooklyn, NY 11249']""","""{'latitude': 40.720138288951354, 'longitude': -73.96157921170422}""",2024-02-19 14:01:26.162258,"""{'address1': '119 Kent Ave', 'address2': '', 'address3': None, 'city': 'Brooklyn', 'zip_code': '11249', 'country': 'US', 'state': 'NY', 'display_address': ['119 Kent Ave', 'Brooklyn, NY 11249']}""",4.4,123,11249,Chinese
rp8S7scxOkVVeG7dNneMGQ,L'Artusi,"""['228 W 10th St', 'New York, NY 10014']""","""{'latitude': 40.73372, 'longitude': -74.00513}""",2024-02-19 14:01:01.816264,"""{'address1': '228 W 10th St', 'address2': '', 'address3': '', 'city': 'New York', 'zip_code': '10014', 'country': 'US', 'state': 'NY', 'display_address': ['228 W 10th St', 'New York, NY 10014']}""",4.4,2442,10014,Chinese
ICNwlgXTrvFrGvaScUp8Ew,For U,"""['155 3rd Ave', 'New York, NY 10003']""","""{'latitude': 40.73415, 'longitude': -73.98633}""",2024-02-19 14:01:10.453094,"""{'address1': '155 3rd Ave', 'address2': '', 'address3': '', 'city': 'New York', 'zip_code': '10003', 'country': 'US', 'state': 'NY', 'display_address': ['155 3rd Ave', 'New York, NY 10003']}""",4.9,41,10003,Chinese
YFL1rAdlv7J0cswHVhvCtQ,Ruta Oaxaca Mexican Cuisine,"""['35-03 Broadway', 'Astoria, NY 11106']""","""{'latitude': 40.76051987417243, 'longitude': -73.92197005607727}""",2024-02-19 14:01:19.112806,"""{'address1': '35-03 Broadway', 'address2': None, 'address3': '', 'city': 'Astoria', 'zip_code': '11106', 'country': 'US', 'state': 'NY', 'display_address': ['35-03 Broadway', 'Astoria, NY 11106']}""",4.5,294,11106,Chinese
RXCCofQw1EjTcSN0ZeXfRA,Risotteria Melotti NYC,"""['309 E 5th St', 'New York, NY 10003']""","""{'latitude': 40.726673363853, 'longitude': -73.9880919456482}""",2024-02-19 14:01:02.459595,"""{'address1': '309 E 5th St', 'address2': '', 'address3': '', 'city': 'New York', 'zip_code': '10003', 'country': 'US', 'state': 'NY', 'display_address': ['309 E 5th St', 'New York, NY 10003']}""",4.4,402,10003,Chinese
9_CEU7Wmvmwlyvqr-PJD6w,Ofrenda,"""['113 7th Ave S', 'New York, NY 10014']""","""{'latitude': 40.73391, 'longitude': -74.00242}""",2024-02-19 14:01:33.227960,"""{'address1': '113 7th Ave S', 'address2': '', 'address3': '', 'city': 'New York', 'zip_code': '10014', 'country': 'US', 'state': 'NY', 'display_address': ['113 7th Ave S', 'New York, NY 10014']}""",3.9,1108,10014,Chinese
iHinXbZk2625noKq9XSvzA,Seeyamañana,"""['49 West 27th St', 'New York, NY 10001']""","""{'latitude': 40.745332, 'longitude': -73.990216}""",2024-02-19 14:01:33.489799,"""{'address1': '49 West 27th St', 'address2': None, 'address3': None, 'city': 'New York', 'zip_code': '10001', 'country': 'US', 'state': 'NY', 'display_address': ['49 West 27th St', 'New York, NY 10001']}""",4.1,67,10001,Chinese
hdiuRS9sVZSMReZm4oV5SA,Da Andrea - Greenwich Village,"""['35 W 13th St', 'New York, NY 10011']""","""{'latitude': 40.736287, 'longitude': -73.995865}""",2024-02-19 14:01:01.559250,"""{'address1': '35 W 13th St', 'address2': '', 'address3': '', 'city': 'New York', 'zip_code': '10011', 'country': 'US', 'state': 'NY', 'display_address': ['35 W 13th St', 'New York, NY 10011']}""",4.3,2204,10011,Chinese
BNaveJmi-OUGKG9sRfrIhA,Mr. Sun,"""['48 W 48th St', 'New York, NY 10036']""","""{'latitude': 40.75809, 'longitude': -73.98026}""",2024-02-19 14:01:10.270221,"""{'address1': '48 W 48th St', 'address2': '', 'address3': None, 'city': 'New York', 'zip_code': '10036', 'country': 'US', 'state': 'NY', 'display_address': ['48 W 48th St', 'New York, NY 10036']}""",4.3,279,10036,Chinese
VmgvCsAP6vZ3DL1mw8ugWQ,Osteria Del Porto,"""['212 Front St', 'New York, NY 10038']""","""{'latitude': 40.70737443140159, 'longitude': -74.00270427364536}""",2024-02-19 14:01:02.778765,"""{'address1': '212 Front St', 'address2': '', 'address3': None, 'city': 'New York', 'zip_code': '10038', 'country': 'US', 'state': 'NY', 'display_address': ['212 Front St', 'New York, NY 10038']}""",4.3,81,10038,Chinese
p4xNh2NAy85Br77XaomFOw,OOHU,"""['128 W 36th St', 'New York, NY 10018']""","""{'latitude': 40.751493955047785, 'longitude': -73.9883517}""",2024-02-19 14:01:10.779743,"""{'address1': '128 W 36th St', 'address2': '', 'address3': None, 'city': 'New York', 'zip_code': '10018', 'country': 'US', 'state': 'NY', 'display_address': ['128 W 36th St', 'New York, NY 10018']}""",4.6,46,10018,Chinese
w4aW7geanPgny-dxsDNkMA,Moon Kee,"""['2642 Broadway', 'New York, NY 10025']""","""{'latitude': 40.7973721, 'longitude': -73.9694833}""",2024-02-19 14:01:11.291463,"""{'address1': '2642 Broadway', 'address2': '', 'address3': None, 'city': 'New York', 'zip_code': '10025', 'country': 'US', 'state': 'NY', 'display_address': ['2642 Broadway', 'New York, NY 10025']}""",4.3,39,10025,Chinese
6Ct7OeTRn4caY9g0swFBsw,La Contenta,"""['102 Norfolk St', 'New York, NY 10002']""","""{'latitude': 40.71873, 'longitude': -73.98691}""",2024-02-19 14:01:18.191532,"""{'address1': '102 Norfolk St', 'address2': '', 'address3': '', 'city': 'New York', 'zip_code': '10002', 'country': 'US', 'state': 'NY', 'display_address': ['102 Norfolk St', 'New York, NY 10002']}""",4.5,930,10002,Chinese
j9a6xr78a6tPBblKvvBJew,The Cactus Shop,"""['231 Kent Ave', 'Brooklyn, NY 11249']""","""{'latitude': 40.71672, 'longitude': -73.96543}""",2024-02-19 14:01:25.929395,"""{'address1': '231 Kent Ave', 'address2': '', 'address3': None, 'city': 'Brooklyn', 'zip_code': '11249', 'country': 'US', 'state': 'NY', 'display_address': ['231 Kent Ave', 'Brooklyn, NY 11249']}""",4.3,71,11249,Chinese
L3REPLCvQpMapYPd_fkS-A,Los Mariscos,"""['409 W 15th St', 'New York, NY 10011']""","""{'latitude': 40.74207, 'longitude': -74.00565}""",2024-02-19 14:01:18.957570,"""{'address1': '409 W 15th St', 'address2': '', 'address3': None, 'city': 'New York', 'zip_code': '10011', 'country': 'US', 'state': 'NY', 'display_address': ['409 W 15th St', 'New York, NY 10011']}""",4.6,800,10011,Chinese
ePJlqiIhoVKIJW69IE53rg,Botte Brooklyn,"""['327 Gold St', 'Brooklyn, NY 11201']""","""{'latitude': 40.69446, 'longitude': -73.98316}""",2024-02-19 14:01:01.834719,"""{'address1': '327 Gold St', 'address2': None, 'address3': '', 'city': 'Brooklyn', 'zip_code': '11201', 'country': 'US', 'state': 'NY', 'display_address': ['327 Gold St', 'Brooklyn, NY 11201']}""",4.3,86,11201,Chinese
Vbmv3T7hr_owVic5BQXs5w,Din Soup Dumplings,"""['162 Montague St', 'Brooklyn, NY 11201']""","""{'latitude': 40.694191, 'longitude': -73.992814}""",2024-02-19 14:01:10.645474,"""{'address1': '162 Montague St', 'address2': '', 'address3': None, 'city': 'Brooklyn', 'zip_code': '11201', 'country': 'US', 'state': 'NY', 'display_address': ['162 Montague St', 'Brooklyn, NY 11201']}""",4.5,226,11201,Chinese
s5nPO911cYB2chdwqSqT9g,La Nonna Ristorante & Bar,"""['184 Kent Ave', 'Brooklyn, NY 11249']""","""{'latitude': 40.71848683628801, 'longitude': -73.96404187764361}""",2024-02-19 14:01:02.891348,"""{'address1': '184 Kent Ave', 'address2': '', 'address3': '', 'city': 'Brooklyn', 'zip_code': '11249', 'country': 'US', 'state': 'NY', 'display_address': ['184 Kent Ave', 'Brooklyn, NY 11249']}""",4.1,443,11249,Chinese
JyXn_GCGM2DsNYIzgzQrDw,Da Gennaro,"""['129 Mulberry St', 'New York, NY 10013']""","""{'latitude': 40.71832, 'longitude': -73.99794}""",2024-02-19 14:01:02.761183,"""{'address1': '129 Mulberry St', 'address2': '', 'address3': '', 'city': 'New York', 'zip_code': '10013', 'country': 'US', 'state': 'NY', 'display_address': ['129 Mulberry St', 'New York, NY 10013']}""",4.1,1363,10013,Chinese
a4WZUTKn90dOkeY38JHNjQ,Aurora,"""['70 Grand St', 'Brooklyn, NY 11249']""","""{'latitude': 40.715621, 'longitude': -73.964757}""",2024-02-19 14:01:02.555013,"""{'address1': '70 Grand St', 'address2': '', 'address3': '', 'city': 'Brooklyn', 'zip_code': '11249', 'country': 'US', 'state': 'NY', 'display_address': ['70 Grand St', 'Brooklyn, NY 11249']}""",4.0,850,11249,Chinese
MaoCNdHni6MLjM9iYQqHcg,Frida Midtown,"""['214 E 52nd St', 'New York, NY 10022']""","""{'latitude': 40.75667, 'longitude': -73.969168}""",2024-02-19 14:01:19.132575,"""{'address1': '214 E 52nd St', 'address2': None, 'address3': '', 'city': 'New York', 'zip_code': '10022', 'country': 'US', 'state': 'NY', 'display_address': ['214 E 52nd St', 'New York, NY 10022']}""",4.5,184,10022,Chinese
R26zweQ8-xoZS7iHkXQOvw,Shanghai 21,"""['21 Mott St', 'New York, NY 10013']""","""{'latitude': 40.71441, 'longitude': -73.99902}""",2024-02-19 14:01:11.214043,"""{'address1': '21 Mott St', 'address2': '', 'address3': '', 'city': 'New York', 'zip_code': '10013', 'country': 'US', 'state': 'NY', 'display_address': ['21 Mott St', 'New York, NY 10013']}""",4.1,2016,10013,Chinese
9aJ1MVTthZw3QjqoG7mPjg,Rosie's,"""['29 E 2nd St', 'New York, NY 10003']""","""{'latitude': 40.72493398880827, 'longitude': -73.99062355504286}""",2024-02-19 14:01:19.093114,"""{'address1': '29 E 2nd St', 'address2': None, 'address3': '', 'city': 'New York', 'zip_code': '10003', 'country': 'US', 'state': 'NY', 'display_address': ['29 E 2nd St', 'New York, NY 10003']}""",3.9,905,10003,Chinese
iSjPBJRiWqrgxW7ZM3CGig,Birds of a Feather,"""['191 Grand St', 'Brooklyn, NY 11211']""","""{'latitude': 40.71442, 'longitude': -73.960441}""",2024-02-19 14:01:10.726314,"""{'address1': '191 Grand St', 'address2': '', 'address3': None, 'city': 'Brooklyn', 'zip_code': '11211', 'country': 'US', 'state': 'NY', 'display_address': ['191 Grand St', 'Brooklyn, NY 11211']}""",4.2,650,11211,Chinese
nrwOQSXoRXfAYhkdjiUk8g,Toro Loco,"""['15 Stone St', 'New York, NY 10004']""","""{'latitude': 40.70421, 'longitude': -74.01208}""",2024-02-19 14:01:18.660461,"""{'address1': '15 Stone St', 'address2': None, 'address3': '', 'city': 'New York', 'zip_code': '10004', 'country': 'US', 'state': 'NY', 'display_address': ['15 Stone St', 'New York, NY 10004']}""",4.0,469,10004,Chinese
jLhKLKuNPMTzAMJgEY5DsQ,Monarch Restaurant,"""['146 Metropolitan Ave', 'Brooklyn, NY 11249']""","""{'latitude': 40.715895, 'longitude': -73.962271}""",2024-02-19 14:01:11.196802,"""{'address1': '146 Metropolitan Ave', 'address2': '', 'address3': None, 'city': 'Brooklyn', 'zip_code': '11249', 'country': 'US', 'state': 'NY', 'display_address': ['146 Metropolitan Ave', 'Brooklyn, NY 11249']}""",4.5,144,11249,Chinese
h0pRCiJDrCN7tm3VX5tILQ,CHILI,"""['13 E 37th St', 'New York, NY 10016']""","""{'latitude': 40.75002, 'longitude': -73.98215}""",2024-02-19 14:01:10.587978,"""{'address1': '13 E 37th St', 'address2': None, 'address3': '', 'city': 'New York', 'zip_code': '10016', 'country': 'US', 'state': 'NY', 'display_address': ['13 E 37th St', 'New York, NY 10016']}""",4.6,765,10016,Chinese
wfhMIiMh2A2psCGONOVSlg,Han Dynasty,"""['90 3rd Ave', 'New York, NY 10003']""","""{'latitude': 40.732072, 'longitude': -73.988074}""",2024-02-19 14:01:03.209695,"""{'address1': '90 3rd Ave', 'address2': '', 'address3': '', 'city': 'New York', 'zip_code': '10003', 'country': 'US', 'state': 'NY', 'display_address': ['90 3rd Ave', 'New York, NY 10003']}""",3.9,1374,10003,Chinese
mPHPVJ2-8mOR-lFHafrc6w,Evelina,"""['211 Dekalb Ave', 'Brooklyn, NY 11205']""","""{'latitude': 40.689722, 'longitude': -73.971003}""",2024-02-19 14:01:02.388233,"""{'address1': '211 Dekalb Ave', 'address2': None, 'address3': '', 'city': 'Brooklyn', 'zip_code': '11205', 'country': 'US', 'state': 'NY', 'display_address': ['211 Dekalb Ave', 'Brooklyn, NY 11205']}""",4.4,391,11205,Chinese
znlol6dCKwjoXpZZwV_ZOg,Nacho Macho Taco,"""['82 5th Ave', 'Brooklyn, NY 11217']""","""{'latitude': 40.680624747880046, 'longitude': -73.97778009698678}""",2024-02-19 14:01:19.053710,"""{'address1': '82 5th Ave', 'address2': '', 'address3': None, 'city': 'Brooklyn', 'zip_code': '11217', 'country': 'US', 'state': 'NY', 'display_address': ['82 5th Ave', 'Brooklyn, NY 11217']}""",4.3,241,11217,Chinese
jnEv25Y2DosTq2sNnvmC9g,Los Tacos No.1,"""['75 9th Ave', 'Chelsea Market', 'New York, NY 10011']""","""{'latitude': 40.7422546402357, 'longitude': -74.0059581}""",2024-02-19 14:01:26.004873,"""{'address1': '75 9th Ave', 'address2': '', 'address3': 'Chelsea Market', 'city': 'New York', 'zip_code': '10011', 'country': 'US', 'state': 'NY', 'display_address': ['75 9th Ave', 'Chelsea Market', 'New York, NY 10011']}""",4.6,3850,10011,Chinese
dYWjNK07igws9jFNgQmhng,Rosa Mexicano,"""['9 E 18th St', 'New York, NY 10003']""","""{'latitude': 40.738285, 'longitude': -73.990807}""",2024-02-19 14:01:18.822428,"""{'address1': '9 E 18th St', 'address2': '', 'address3': '', 'city': 'New York', 'zip_code': '10003', 'country': 'US', 'state': 'NY', 'display_address': ['9 E 18th St', 'New York, NY 10003']}""",3.5,1731,10003,Chinese
JFmWkslCGTeuwC_Yews4-Q,Carlotto,"""['100 E 19th St', 'New York, NY 10003']""","""{'latitude': 40.7375, 'longitude': -73.98782}""",2024-02-19 14:01:01.871873,"""{'address1': '100 E 19th St', 'address2': '', 'address3': None, 'city': 'New York', 'zip_code': '10003', 'country': 'US', 'state': 'NY', 'display_address': ['100 E 19th St', 'New York, NY 10003']}""",4.4,42,10003,Chinese
hxJxybl8V752Uz9r50I41g,Taqueria Al Pastor,"""['119 Court St', 'Brooklyn, NY 11201']""","""{'latitude': 40.69042, 'longitude': -73.99176}""",2024-02-19 14:01:18.841857,"""{'address1': '119 Court St', 'address2': '', 'address3': None, 'city': 'Brooklyn', 'zip_code': '11201', 'country': 'US', 'state': 'NY', 'display_address': ['119 Court St', 'Brooklyn, NY 11201']}""",4.3,96,11201,Chinese
VmdyRRMtUXOWV7F7w0ImwQ,Piccola Cucina Uptown,"""['106 E 60th St', 'New York, NY 10022']""","""{'latitude': 40.763174, 'longitude': -73.969046}""",2024-02-19 14:01:02.909169,"""{'address1': '106 E 60th St', 'address2': None, 'address3': '', 'city': 'New York', 'zip_code': '10022', 'country': 'US', 'state': 'NY', 'display_address': ['106 E 60th St', 'New York, NY 10022']}""",4.4,431,10022,Chinese
CfOBb6NU2awo8xclJpKU3g,Chela Park Slope,"""['408 5th Ave', 'Brooklyn, NY 11215']""","""{'latitude': 40.67032, 'longitude': -73.98569}""",2024-02-19 14:01:19.074628,"""{'address1': '408 5th Ave', 'address2': '', 'address3': None, 'city': 'Brooklyn', 'zip_code': '11215', 'country': 'US', 'state': 'NY', 'display_address': ['408 5th Ave', 'Brooklyn, NY 11215']}""",4.5,681,11215,Chinese
sRWRA4dcN_NR1JGpuRVouA,Nan Xiang Xiao Long Bao - Manhattan,"""['24 W 33rd St', 'New York, NY 10001']""","""{'latitude': 40.74822527534694, 'longitude': -73.9857786}""",2024-02-19 14:01:10.183104,"""{'address1': '24 W 33rd St', 'address2': None, 'address3': '', 'city': 'New York', 'zip_code': '10001', 'country': 'US', 'state': 'NY', 'display_address': ['24 W 33rd St', 'New York, NY 10001']}""",4.6,943,10001,Chinese
BF5rzGE9OOTOUVH0pjHa5Q,Shanghai Villa,"""['144 West 4th St', 'New York, NY 10012']""","""{'latitude': 40.73135, 'longitude': -74.00048}""",2024-02-19 14:01:10.664465,"""{'address1': '144 West 4th St', 'address2': None, 'address3': '', 'city': 'New York', 'zip_code': '10012', 'country': 'US', 'state': 'NY', 'display_address': ['144 West 4th St', 'New York, NY 10012']}""",4.6,29,10012,Chinese
OCTiJwvjoK81WoDwsTkFvA,Paesano of Mulberry Street,"""['136 Mulberry St', 'New York, NY 10013']""","""{'latitude': 40.718554, 'longitude': -73.997447}""",2024-02-19 14:01:01.780022,"""{'address1': '136 Mulberry St', 'address2': '', 'address3': '', 'city': 'New York', 'zip_code': '10013', 'country': 'US', 'state': 'NY', 'display_address': ['136 Mulberry St', 'New York, NY 10013']}""",4.1,1496,10013,Chinese
ry0nAQiUn8bpNAruY_5wfw,Scalino,"""['659 Manhattan Ave', 'Brooklyn, NY 11222']""","""{'latitude': 40.7244699, 'longitude': -73.95151}""",2024-02-19 14:01:02.927465,"""{'address1': '659 Manhattan Ave', 'address2': '', 'address3': '', 'city': 'Brooklyn', 'zip_code': '11222', 'country': 'US', 'state': 'NY', 'display_address': ['659 Manhattan Ave', 'Brooklyn, NY 11222']}""",4.3,309,11222,Chinese
4DInnPhOyvXFbYpUdO0SMQ,Antidote,"""['66 S 2nd St', 'Brooklyn, NY 11249']""","""{'latitude': 40.714186, 'longitude': -73.965493}""",2024-02-19 14:01:10.549892,"""{'address1': '66 S 2nd St', 'address2': '', 'address3': None, 'city': 'Brooklyn', 'zip_code': '11249', 'country': 'US', 'state': 'NY', 'display_address': ['66 S 2nd St', 'Brooklyn, NY 11249']}""",4.7,467,11249,Chinese
PHMkwS5nmo4IUXbcg0OcAg,Jajaja Mexicana,"""['63 Carmine St', 'New York, NY 10014']""","""{'latitude': 40.72979, 'longitude': -74.00455}""",2024-02-19 14:01:18.937328,"""{'address1': '63 Carmine St', 'address2': '', 'address3': None, 'city': 'New York', 'zip_code': '10014', 'country': 'US', 'state': 'NY', 'display_address': ['63 Carmine St', 'New York, NY 10014']}""",4.5,640,10014,Chinese
gNGxh97n0NZgYG1Q_no9Kg,Potluck Club,"""['133 Chrystie St', 'New York, NY 10002']""","""{'latitude': 40.719566, 'longitude': -73.993524}""",2024-02-19 14:01:10.627230,"""{'address1': '133 Chrystie St', 'address2': None, 'address3': '', 'city': 'New York', 'zip_code': '10002', 'country': 'US', 'state': 'NY', 'display_address': ['133 Chrystie St', 'New York, NY 10002']}""",4.4,332,10002,Chinese
0CjK3esfpFcxIopebzjFxA,Joe's Shanghai,"""['46 Bowery St', 'New York, NY 10013']""","""{'latitude': 40.7156608, 'longitude': -73.9967012}""",2024-02-19 14:01:02.981406,"""{'address1': '46 Bowery St', 'address2': '', 'address3': '', 'city': 'New York', 'zip_code': '10013', 'country': 'US', 'state': 'NY', 'display_address': ['46 Bowery St', 'New York, NY 10013']}""",3.8,7327,10013,Chinese
LVkBYW-FNaZ2h-0zB8-vzA,Jiang's Kitchen,"""['65 St Marks Pl', 'New York, NY 10003']""","""{'latitude': 40.72808, 'longitude': -73.98615}""",2024-02-19 14:01:11.179130,"""{'address1': '65 St Marks Pl', 'address2': None, 'address3': '', 'city': 'New York', 'zip_code': '10003', 'country': 'US', 'state': 'NY', 'display_address': ['65 St Marks Pl', 'New York, NY 10003']}""",4.4,78,10003,Chinese
TWH4MjLtN1fKlF-7n6YXHg,Lil Frankie's,"""['19 1st Ave', 'New York, NY 10003']""","""{'latitude': 40.7236168801459, 'longitude': -73.988427}""",2024-02-19 14:01:02.721593,"""{'address1': '19 1st Ave', 'address2': '', 'address3': '', 'city': 'New York', 'zip_code': '10003', 'country': 'US', 'state': 'NY', 'display_address': ['19 1st Ave', 'New York, NY 10003']}""",3.9,1529,10003,Chinese
gDCK63W5_8-tdCCWr92rbw,Shan,"""['191 Smith St', 'Brooklyn, NY 11201']""","""{'latitude': 40.68524, 'longitude': -73.99133}""",2024-02-19 14:01:18.172896,"""{'address1': '191 Smith St', 'address2': None, 'address3': '', 'city': 'Brooklyn', 'zip_code': '11201', 'country': 'US', 'state': 'NY', 'display_address': ['191 Smith St', 'Brooklyn, NY 11201']}""",4.3,87,11201,Chinese
SXWnyFNLCehVlJPRxk7gAg,Anejo Tribeca,"""['301 Church St', 'New York, NY 10013']""","""{'latitude': 40.71931499731559, 'longitude': -74.00427174111186}""",2024-02-19 14:01:18.581669,"""{'address1': '301 Church St', 'address2': '', 'address3': '', 'city': 'New York', 'zip_code': '10013', 'country': 'US', 'state': 'NY', 'display_address': ['301 Church St', 'New York, NY 10013']}""",4.1,678,10013,Mexican
_keKJLEBW07bK7Jd6ikvAw,Hay Hay Roasted,"""['167 1st Ave', 'New York, NY 10003']""","""{'latitude': 40.72908, 'longitude': -73.98446}""",2024-02-19 14:01:10.761858,"""{'address1': '167 1st Ave', 'address2': '', 'address3': None, 'city': 'New York', 'zip_code': '10003', 'country': 'US', 'state': 'NY', 'display_address': ['167 1st Ave', 'New York, NY 10003']}""",4.5,32,10003,Mexican
TgoYhgbPCYhLBNtpue3QHg,Maya,"""['1191 1st Ave', 'New York, NY 10065']""","""{'latitude': 40.7631741, 'longitude': -73.9597236}""",2024-02-19 14:01:25.912240,"""{'address1': '1191 1st Ave', 'address2': '', 'address3': '', 'city': 'New York', 'zip_code': '10065', 'country': 'US', 'state': 'NY', 'display_address': ['1191 1st Ave', 'New York, NY 10065']}""",3.7,1094,10065,Mexican
f7g3GhoQs9nQVTJEL2p48Q,Gran Electrica,"""['5 Front St', 'Brooklyn, NY 11201']""","""{'latitude': 40.7027, 'longitude': -73.99314}""",2024-02-19 14:01:33.705772,"""{'address1': '5 Front St', 'address2': '', 'address3': '', 'city': 'Brooklyn', 'zip_code': '11201', 'country': 'US', 'state': 'NY', 'display_address': ['5 Front St', 'Brooklyn, NY 11201']}""",3.6,542,11201,Mexican
k5fd-RSdG4IuXnnGSQ5oOw,San Marzano Pasta Fresca,"""['117 Second Ave', 'New York, NY 10003']""","""{'latitude': 40.727966, 'longitude': -73.988382}""",2024-02-19 14:01:02.593395,"""{'address1': '117 Second Ave', 'address2': '', 'address3': '', 'city': 'New York', 'zip_code': '10003', 'country': 'US', 'state': 'NY', 'display_address': ['117 Second Ave', 'New York, NY 10003']}""",3.8,1602,10003,Mexican
WAVszL8c2-JhQdFpUAxFBg,Sartiano's,"""['99 Prince St', 'New York, NY 10012']""","""{'latitude': 40.72479646297092, 'longitude': -73.99865347261444}""",2024-02-19 14:01:02.293610,"""{'address1': '99 Prince St', 'address2': '', 'address3': None, 'city': 'New York', 'zip_code': '10012', 'country': 'US', 'state': 'NY', 'display_address': ['99 Prince St', 'New York, NY 10012']}""",4.4,54,10012,Mexican
HPwH6d3yshPeF0pywgDfSw,Shanghai Best,"""['J Cy', 'Unit Retail 2 J', 'Cy, NJ 07302']""","""{'latitude': 40.71681948978749, 'longitude': -74.03873209999999}""",2024-02-19 14:01:18.062512,"""{'address1': 'J Cy', 'address2': 'Unit Retail 2 J', 'address3': None, 'city': 'Cy', 'zip_code': '07302', 'country': 'US', 'state': 'NJ', 'display_address': ['J Cy', 'Unit Retail 2 J', 'Cy, NJ 07302']}""",3.9,94,7302,Mexican
Wx6lMnEh7dCmX-9PQF1Ifw,Toloache 50,"""['251 West 50th St', 'New York, NY 10012']""","""{'latitude': 40.762227, 'longitude': -73.9856178382696}""",2024-02-19 14:01:18.449328,"""{'address1': '251 West 50th St', 'address2': '', 'address3': '', 'city': 'New York', 'zip_code': '10012', 'country': 'US', 'state': 'NY', 'display_address': ['251 West 50th St', 'New York, NY 10012']}""",4.0,2283,10012,Mexican
8_AqbONdiu8MUqVkCuJKUw,Mitica,"""['222 Franklin St', 'Brooklyn, NY 11222']""","""{'latitude': 40.733284, 'longitude': -73.958001}""",2024-02-19 14:01:33.291974,"""{'address1': '222 Franklin St', 'address2': '', 'address3': None, 'city': 'Brooklyn', 'zip_code': '11222', 'country': 'US', 'state': 'NY', 'display_address': ['222 Franklin St', 'Brooklyn, NY 11222']}""",4.6,15,11222,Mexican
Vs8kQ4R381y27AH018gLpg,Supper,"""['156 E 2nd St', 'New York, NY 10009']""","""{'latitude': 40.72290786539601, 'longitude': -73.98520720537888}""",2024-02-19 14:01:02.442754,"""{'address1': '156 E 2nd St', 'address2': '', 'address3': '', 'city': 'New York', 'zip_code': '10009', 'country': 'US', 'state': 'NY', 'display_address': ['156 E 2nd St', 'New York, NY 10009']}""",3.9,1501,10009,Mexican
qgY41g_eg0eNzewCXmKcaA,Lillo Cucina Italiana,"""['331 Henry St', 'Brooklyn, NY 11201']""","""{'latitude': 40.69023, 'longitude': -73.99634}""",2024-02-19 14:01:02.311648,"""{'address1': '331 Henry St', 'address2': None, 'address3': '', 'city': 'Brooklyn', 'zip_code': '11201', 'country': 'US', 'state': 'NY', 'display_address': ['331 Henry St', 'Brooklyn, NY 11201']}""",4.8,222,11201,Mexican
lynQoI3w_pzYfHGeuUU-Qg,Shu Jiao Fu Zhou,"""['295 Grand St', 'New York, NY 10002']""","""{'latitude': 40.7174109, 'longitude': -73.99210041198651}""",2024-02-19 14:01:03.004895,"""{'address1': '295 Grand St', 'address2': None, 'address3': None, 'city': 'New York', 'zip_code': '10002', 'country': 'US', 'state': 'NY', 'display_address': ['295 Grand St', 'New York, NY 10002']}""",4.5,1382,10002,Mexican
ZamvzoxEKiJEboO0ZUdogw,AMICI Ristorante,"""['165 Mulberry St', 'New York, NY 10013']""","""{'latitude': 40.71981, 'longitude': -73.99722}""",2024-02-19 14:01:02.234050,"""{'address1': '165 Mulberry St', 'address2': '', 'address3': None, 'city': 'New York', 'zip_code': '10013', 'country': 'US', 'state': 'NY', 'display_address': ['165 Mulberry St', 'New York, NY 10013']}""",4.3,206,10013,Mexican
mUl0wtO7tPkBocuJqZ-7Dw,Dun Huang -  Grand Central,"""['320 Lexington Ave', 'New York, NY 10016']""","""{'latitude': 40.74922, 'longitude': -73.97785}""",2024-02-19 14:01:18.112550,"""{'address1': '320 Lexington Ave', 'address2': None, 'address3': None, 'city': 'New York', 'zip_code': '10016', 'country': 'US', 'state': 'NY', 'display_address': ['320 Lexington Ave', 'New York, NY 10016']}""",4.4,337,10016,Mexican
qrncvjkiKN5Z-JC06ygy6A,Hutong New York,"""['Inside Beacon Courtyard', 'New York, NY 10022']""","""{'latitude': 40.761551, 'longitude': -73.967443}""",2024-02-19 14:01:18.149604,"""{'address1': 'Inside Beacon Courtyard', 'address2': '', 'address3': '', 'city': 'New York', 'zip_code': '10022', 'country': 'US', 'state': 'NY', 'display_address': ['Inside Beacon Courtyard', 'New York, NY 10022']}""",3.6,582,10022,Mexican
pVlKM-vyOJxfoJ9fwMDDfA,Sky Pavilion,"""['325 W 42nd St', 'New York, NY 10036']""","""{'latitude': 40.757968, 'longitude': -73.990862}""",2024-02-19 14:01:11.160200,"""{'address1': '325 W 42nd St', 'address2': None, 'address3': '', 'city': 'New York', 'zip_code': '10036', 'country': 'US', 'state': 'NY', 'display_address': ['325 W 42nd St', 'New York, NY 10036']}""",4.7,3,10036,Mexican
1jAB_uaI8-P_wSqOo2S3KQ,Mazu Szechuan,"""['495 3rd Ave', 'New York, NY 10016']""","""{'latitude': 40.745234, 'longitude': -73.97812}""",2024-02-19 14:01:11.141500,"""{'address1': '495 3rd Ave', 'address2': None, 'address3': '', 'city': 'New York', 'zip_code': '10016', 'country': 'US', 'state': 'NY', 'display_address': ['495 3rd Ave', 'New York, NY 10016']}""",4.5,135,10016,Mexican
Ck09FempamAKGSPsV_bX-A,Xixa,"""['241 S 4th St', 'Brooklyn, NY 11211']""","""{'latitude': 40.7104, 'longitude': -73.95854}""",2024-02-19 14:01:19.152297,"""{'address1': '241 S 4th St', 'address2': '', 'address3': '', 'city': 'Brooklyn', 'zip_code': '11211', 'country': 'US', 'state': 'NY', 'display_address': ['241 S 4th St', 'Brooklyn, NY 11211']}""",4.4,686,11211,Mexican
xeC9vn3dxVVzAMR_aFwfXg,IL Brigante,"""['214 Front St', 'New York, NY 10038']""","""{'latitude': 40.707492, 'longitude': -74.002571}""",2024-02-19 14:01:02.741199,"""{'address1': '214 Front St', 'address2': '', 'address3': '', 'city': 'New York', 'zip_code': '10038', 'country': 'US', 'state': 'NY', 'display_address': ['214 Front St', 'New York, NY 10038']}""",3.8,521,10038,Mexican
WG639VkTjmK5dzydd1BBJA,Rubirosa,"""['235 Mulberry St', 'New York, NY 10012']""","""{'latitude': 40.722766, 'longitude': -73.996233}""",2024-02-19 14:01:01.761931,"""{'address1': '235 Mulberry St', 'address2': '', 'address3': '', 'city': 'New York', 'zip_code': '10012', 'country': 'US', 'state': 'NY', 'display_address': ['235 Mulberry St', 'New York, NY 10012']}""",4.3,3288,10012,Mexican
ZeJWNwd7ipveJywGq2RCgg,La Diaspora,"""['91 Baxter St', 'New York, NY 10013']""","""{'latitude': 40.7168502, 'longitude': -73.9994938}""",2024-02-19 14:01:18.602350,"""{'address1': '91 Baxter St', 'address2': None, 'address3': '', 'city': 'New York', 'zip_code': '10013', 'country': 'US', 'state': 'NY', 'display_address': ['91 Baxter St', 'New York, NY 10013']}""",4.5,13,10013,Mexican
1ux5rxwWjKxoXHUyGynwSg,Purepecha,"""['213 Smith St', 'Brooklyn, NY 11201']""","""{'latitude': 40.68454335716857, 'longitude': -73.99182679347962}""",2024-02-19 14:01:18.717527,"""{'address1': '213 Smith St', 'address2': '', 'address3': None, 'city': 'Brooklyn', 'zip_code': '11201', 'country': 'US', 'state': 'NY', 'display_address': ['213 Smith St', 'Brooklyn, NY 11201']}""",4.3,99,11201,Mexican
WVsPyl-DGRu0O_rQYdIMVQ,The Best Sichuan,"""['47 W 39th St', 'New York, NY 10018']""","""{'latitude': 40.75266, 'longitude': -73.98459}""",2024-02-19 14:01:10.798000,"""{'address1': '47 W 39th St', 'address2': '', 'address3': None, 'city': 'New York', 'zip_code': '10018', 'country': 'US', 'state': 'NY', 'display_address': ['47 W 39th St', 'New York, NY 10018']}""",4.3,142,10018,Mexican
OWNmOq-TAsHjGcYdCVclSw,Osteria La Baia,"""['129 W 52nd St', 'New York, NY 10019']""","""{'latitude': 40.76189587672743, 'longitude': -73.9806749}""",2024-02-19 14:01:02.179788,"""{'address1': '129 W 52nd St', 'address2': None, 'address3': '', 'city': 'New York', 'zip_code': '10019', 'country': 'US', 'state': 'NY', 'display_address': ['129 W 52nd St', 'New York, NY 10019']}""",4.4,136,10019,Mexican
Z-QmxQZAJEy5GXqA82Bemw,Da Toscano,"""['24 Minetta Ln', 'New York, NY 10012']""","""{'latitude': 40.730508, 'longitude': -74.001238}""",2024-02-19 14:01:02.215731,"""{'address1': '24 Minetta Ln', 'address2': '', 'address3': None, 'city': 'New York', 'zip_code': '10012', 'country': 'US', 'state': 'NY', 'display_address': ['24 Minetta Ln', 'New York, NY 10012']}""",4.7,159,10012,Mexican
LT0yyLNM84EiJj9DL0rfHA,Hui Restaurant & Bar,"""['314 E 70th St', 'New York, NY 10021']""","""{'latitude': 40.76701, 'longitude': -73.95846}""",2024-02-19 14:01:10.832610,"""{'address1': '314 E 70th St', 'address2': '', 'address3': None, 'city': 'New York', 'zip_code': '10021', 'country': 'US', 'state': 'NY', 'display_address': ['314 E 70th St', 'New York, NY 10021']}""",4.3,300,10021,Mexican
pjBDqn25X3The5AhZD3glw,El Zason,"""['491 Atlantic Ave', 'Brooklyn, NY 11217']""","""{'latitude': 40.6858552, 'longitude': -73.98149149999999}""",2024-02-19 14:01:33.619711,"""{'address1': '491 Atlantic Ave', 'address2': None, 'address3': '', 'city': 'Brooklyn', 'zip_code': '11217', 'country': 'US', 'state': 'NY', 'display_address': ['491 Atlantic Ave', 'Brooklyn, NY 11217']}""",4.1,72,11217,Mexican
NOh24SMS6k4pzNv8Ds7KDg,Cafe Habana,"""['17 Prince St', 'New York, NY 10012']""","""{'latitude': 40.72293, 'longitude': -73.99419}""",2024-02-19 14:01:19.035489,"""{'address1': '17 Prince St', 'address2': '', 'address3': '', 'city': 'New York', 'zip_code': '10012', 'country': 'US', 'state': 'NY', 'display_address': ['17 Prince St', 'New York, NY 10012']}""",4.0,3315,10012,Mexican
IfIyjm4SfORGYPbaAWST3g,MEXiCUE,"""['225 5th Ave', 'New York, NY 10010']""","""{'latitude': 40.743617, 'longitude': -73.987867}""",2024-02-19 14:01:19.016333,"""{'address1': '225 5th Ave', 'address2': '', 'address3': '', 'city': 'New York', 'zip_code': '10010', 'country': 'US', 'state': 'NY', 'display_address': ['225 5th Ave', 'New York, NY 10010']}""",4.0,696,10010,Mexican
bVkjBJlAIwKAj9Aw1KVWjA,Dim Sum Palace,"""['334 W 46th St', 'New York, NY 10036']""","""{'latitude': 40.76015, 'longitude': -73.9893699}""",2024-02-19 14:01:11.232289,"""{'address1': '334 W 46th St', 'address2': None, 'address3': '', 'city': 'New York', 'zip_code': '10036', 'country': 'US', 'state': 'NY', 'display_address': ['334 W 46th St', 'New York, NY 10036']}""",4.1,1749,10036,Mexican
QaolMEijS7L6eodSneOdng,Tri Dim Shanghai West,"""['467 Columbus Ave', 'New York, NY 10024']""","""{'latitude': 40.78412, 'longitude': -73.97368}""",2024-02-19 14:01:10.202072,"""{'address1': '467 Columbus Ave', 'address2': '', 'address3': None, 'city': 'New York', 'zip_code': '10024', 'country': 'US', 'state': 'NY', 'display_address': ['467 Columbus Ave', 'New York, NY 10024']}""",4.1,246,10024,Mexican
dh5r9-SbN8xJ76XvnayWLQ,Giano Restaurant,"""['126 E 7th St', 'New York, NY 10009']""","""{'latitude': 40.7262256596862, 'longitude': -73.9840574049125}""",2024-02-19 14:01:02.962187,"""{'address1': '126 E 7th St', 'address2': '', 'address3': '', 'city': 'New York', 'zip_code': '10009', 'country': 'US', 'state': 'NY', 'display_address': ['126 E 7th St', 'New York, NY 10009']}""",4.3,713,10009,Mexican
hSpZSqElyjHTfE4lQJ97Cg,Mareluna,"""['137 Sullivan St', 'New York, NY 10012']""","""{'latitude': 40.726787, 'longitude': -74.001836}""",2024-02-19 14:01:02.029614,"""{'address1': '137 Sullivan St', 'address2': None, 'address3': '', 'city': 'New York', 'zip_code': '10012', 'country': 'US', 'state': 'NY', 'display_address': ['137 Sullivan St', 'New York, NY 10012']}""",4.5,98,10012,Mexican
tvqtAjAyc7dplVVwhw3VZQ,La Contenta Oeste,"""['78 W 11th St', 'New York, NY 10011']""","""{'latitude': 40.7352, 'longitude': -73.99808}""",2024-02-19 14:01:18.997162,"""{'address1': '78 W 11th St', 'address2': None, 'address3': '', 'city': 'New York', 'zip_code': '10011', 'country': 'US', 'state': 'NY', 'display_address': ['78 W 11th St', 'New York, NY 10011']}""",4.2,332,10011,Mexican
bww5kCyq87GanHAjXJ-OVA,Rosticceria Evelina,"""['455 Myrtle Ave', 'Brooklyn, NY 11205']""","""{'latitude': 40.69345501272235, 'longitude': -73.96730191006134}""",2024-02-19 14:01:01.925345,"""{'address1': '455 Myrtle Ave', 'address2': '', 'address3': None, 'city': 'Brooklyn', 'zip_code': '11205', 'country': 'US', 'state': 'NY', 'display_address': ['455 Myrtle Ave', 'Brooklyn, NY 11205']}""",4.8,4,11205,Mexican
ysqgdbSrezXgVwER2kQWKA,Juliana's,"""['19 Old Fulton St', 'Brooklyn, NY 11201']""","""{'latitude': 40.70274718768062, 'longitude': -73.99343490196397}""",2024-02-19 14:01:02.275457,"""{'address1': '19 Old Fulton St', 'address2': '', 'address3': '', 'city': 'Brooklyn', 'zip_code': '11201', 'country': 'US', 'state': 'NY', 'display_address': ['19 Old Fulton St', 'Brooklyn, NY 11201']}""",4.4,2751,11201,Mexican
Q85ScF9s6vlS5_i453AFvg,Tangy Noodle,"""['98 8th Ave', 'New York, NY 10011']""","""{'latitude': 40.740203, 'longitude': -74.00193}""",2024-02-19 14:01:11.251504,"""{'address1': '98 8th Ave', 'address2': '', 'address3': None, 'city': 'New York', 'zip_code': '10011', 'country': 'US', 'state': 'NY', 'display_address': ['98 8th Ave', 'New York, NY 10011']}""",4.4,97,10011,Mexican
yZJbealagfujEkgesAl2hA,Lupa,"""['170 Thompson St', 'New York, NY 10012']""","""{'latitude': 40.7276, 'longitude': -74.000045}""",2024-02-19 14:01:02.797599,"""{'address1': '170 Thompson St', 'address2': '', 'address3': '', 'city': 'New York', 'zip_code': '10012', 'country': 'US', 'state': 'NY', 'display_address': ['170 Thompson St', 'New York, NY 10012']}""",4.0,1753,10012,Mexican
DIwe3i_-OkvfKAHrNDGtSw,Red Sorghum 夜宴,"""['28-03 Jackson Ave', 'New York, NY 11101']""","""{'latitude': 40.74852, 'longitude': -73.93789}""",2024-02-19 14:01:10.164812,"""{'address1': '28-03 Jackson Ave', 'address2': None, 'address3': '', 'city': 'New York', 'zip_code': '11101', 'country': 'US', 'state': 'NY', 'display_address': ['28-03 Jackson Ave', 'New York, NY 11101']}""",4.4,51,11101,Mexican
22nKUyCIbpnzR6R3_g1ptQ,Carmine's Italian Restaurant - Times Square,"""['200 W 44th St', 'New York, NY 10036']""","""{'latitude': 40.75749848725768, 'longitude': -73.98665333142026}""",2024-02-19 14:01:02.702524,"""{'address1': '200 W 44th St', 'address2': '', 'address3': '', 'city': 'New York', 'zip_code': '10036', 'country': 'US', 'state': 'NY', 'display_address': ['200 W 44th St', 'New York, NY 10036']}""",4.0,4799,10036,Mexican
XsXLVWr1UZWVhKThNvNiaA,Blue Willow 夜来湘,"""['40 W 56th St', 'New York, NY 10019']""","""{'latitude': 40.76292, 'longitude': -73.976546}""",2024-02-19 14:01:03.026168,"""{'address1': '40 W 56th St', 'address2': None, 'address3': '', 'city': 'New York', 'zip_code': '10019', 'country': 'US', 'state': 'NY', 'display_address': ['40 W 56th St', 'New York, NY 10019']}""",4.4,1082,10019,Mexican
0dDCDQz7DrKkSvu9h2hcQw,Chow House,"""['181 Bleecker St', 'New York, NY 10012']""","""{'latitude': 40.72915, 'longitude': -74.00072}""",2024-02-19 14:01:03.093586,"""{'address1': '181 Bleecker St', 'address2': None, 'address3': '', 'city': 'New York', 'zip_code': '10012', 'country': 'US', 'state': 'NY', 'display_address': ['181 Bleecker St', 'New York, NY 10012']}""",4.4,656,10012,Mexican
8YWLuLUKj0t_0_Xv06UUtw,Ye's Apothecary,"""['119 Orchard St', 'New York, NY 10002']""","""{'latitude': 40.71945, 'longitude': -73.9898}""",2024-02-19 14:01:10.608164,"""{'address1': '119 Orchard St', 'address2': None, 'address3': '', 'city': 'New York', 'zip_code': '10002', 'country': 'US', 'state': 'NY', 'display_address': ['119 Orchard St', 'New York, NY 10002']}""",4.5,533,10002,Mexican
9-vKFnUby_6-pR6UJxjzMw,Sun Hing Lung Co,"""['58 Henry St', 'New York, NY 10002']""","""{'latitude': 40.7127362, 'longitude': -73.9950764600962}""",2024-02-19 14:01:18.082567,"""{'address1': '58 Henry St', 'address2': '', 'address3': '', 'city': 'New York', 'zip_code': '10002', 'country': 'US', 'state': 'NY', 'display_address': ['58 Henry St', 'New York, NY 10002']}""",4.5,260,10002,Mexican
X8ZS-dgiMIJvhwf9SaDnjw,Wah Fung No 1,"""['79 Chrystie St', 'New York, NY 10002']""","""{'latitude': 40.71735, 'longitude': -73.99457}""",2024-02-19 14:01:10.327567,"""{'address1': '79 Chrystie St', 'address2': '', 'address3': '', 'city': 'New York', 'zip_code': '10002', 'country': 'US', 'state': 'NY', 'display_address': ['79 Chrystie St', 'New York, NY 10002']}""",4.5,2083,10002,Mexican
bnDfFdiCcPzhuNWUJORvLQ,Noodle Village,"""['13 Mott St', 'New York, NY 10013']""","""{'latitude': 40.714167, 'longitude': -73.998803}""",2024-02-19 14:01:11.095732,"""{'address1': '13 Mott St', 'address2': '', 'address3': '', 'city': 'New York', 'zip_code': '10013', 'country': 'US', 'state': 'NY', 'display_address': ['13 Mott St', 'New York, NY 10013']}""",3.9,1422,10013,Mexican
_2jMPuiK-7nLepFdPu2TTQ,345 Cantina,"""['345 E 6th St', 'New York, NY 10003']""","""{'latitude': 40.72665, 'longitude': -73.98651}""",2024-02-19 14:01:26.024842,"""{'address1': '345 E 6th St', 'address2': None, 'address3': '', 'city': 'New York', 'zip_code': '10003', 'country': 'US', 'state': 'NY', 'display_address': ['345 E 6th St', 'New York, NY 10003']}""",4.5,30,10003,Mexican
MphfKkYFEe0BDQ6hZ0A5fA,Gelso & Grand,"""['186 Grand St', 'New York, NY 10013']""","""{'latitude': 40.71958, 'longitude': -73.99734}""",2024-02-19 14:01:01.908527,"""{'address1': '186 Grand St', 'address2': '', 'address3': '', 'city': 'New York', 'zip_code': '10013', 'country': 'US', 'state': 'NY', 'display_address': ['186 Grand St', 'New York, NY 10013']}""",4.3,1492,10013,Mexican
KCBfW6sWl9Gx-LvMff08jg,Osteria Morini,"""['218 Lafayette St', 'New York, NY 10012']""","""{'latitude': 40.7219179851303, 'longitude': -73.9976472073402}""",2024-02-19 14:01:02.832290,"""{'address1': '218 Lafayette St', 'address2': '', 'address3': '', 'city': 'New York', 'zip_code': '10012', 'country': 'US', 'state': 'NY', 'display_address': ['218 Lafayette St', 'New York, NY 10012']}""",4.0,1333,10012,Mexican
f8ipr8Wdy1_wHhw7JgNqPQ,Da Claudio,"""['21 Ann St', 'New York, NY 10038']""","""{'latitude': 40.71087, 'longitude': -74.00753}""",2024-02-19 14:01:02.405459,"""{'address1': '21 Ann St', 'address2': '', 'address3': '', 'city': 'New York', 'zip_code': '10038', 'country': 'US', 'state': 'NY', 'display_address': ['21 Ann St', 'New York, NY 10038']}""",4.2,636,10038,Mexican
